Zone,Disponibilité alimentaire en quantité (kg/personne/an),Exportations - Quantité,Population,PIB par habitant annuel en 2017 ($),Stabilité politique,Valeur index infrastructure,dep_import,autosuffisance,taux_urbain
Albanie,16.36,0.0,2884169,4213.46,0.38,3.56,0.81,0.28,60.0
Algérie,6.38,0.0,41389189,4162.15,-0.92,3.56,0.01,0.99,72.0
Argentine,42.24,207000000.0,43937140,14660.23,0.17,3.85,0.0,1.1,92.0
Arménie,16.06,0.0,2944791,3899.68,-0.62,3.85,0.74,0.23,63.0
Allemagne,19.47,646000000.0,82658409,43286.1,0.59,5.96,0.48,0.87,77.0
Australie,47.65,42000000.0,24584620,52993.87,0.89,5.27,0.01,1.08,85.0
Autriche,18.2,78000000.0,8819901,45050.43,1.05,5.73,0.64,0.86,57.99999999999999
Azerbaïdjan,13.11,0.0,9845320,5161.62,-0.75,4.54,0.21,0.81,55.00000000000001
Bangladesh,1.5,0.0,159685424,1639.9,-1.26,2.92,0.0,1.0,37.0
Belgique,12.65,656000000.0,11419748,41614.12,0.43,5.42,2.22,3.05,98.0
Bénin,14.4,0.0,11175198,1032.9,0.03,2.31,0.76,0.11,47.0
Bosnie-Herzégovine,16.7,8000000.0,3351525,5099.82,-0.35,3.3,0.18,1.11,50.0
Botswana,3.39,0.0,2205080,6662.34,1.02,3.64,0.43,0.71,71.0
Brésil,48.03,4223000000.0,207833823,8628.25,-0.42,4.11,0.0,1.42,87.0
Bulgarie,22.06,45000000.0,7102444,7594.88,0.33,4.06,0.69,0.68,74.0
Cambodge,2.34,0.0,16009409,1743.98,0.09,3.14,0.26,0.74,23.0
Cameroun,3.16,0.0,24566073,1444.91,-1.1,2.25,0.0,0.99,55.00000000000001
Canada,39.02,163000000.0,36732095,44022.05,1.1,5.7,0.13,0.99,81.0
Cabo Verde,17.62,0.0,537498,3719.71,0.77,3.5,1.2,0.1,66.0
Chili,36.36,115000000.0,18470439,13475.92,0.42,4.78,0.23,1.06,86.0
"Chine, continentale",12.33,576000000.0,1421021791,8949.77,-0.23,4.66,0.02,1.0,56.99999999999999
Colombie,31.99,2000000.0,48909839,6309.68,-0.77,3.77,0.05,0.95,81.0
Costa Rica,26.52,3000000.0,4949954,12468.57,0.61,4.25,0.13,0.99,78.0
Croatie,10.77,17000000.0,4182857,13229.62,0.69,4.65,0.53,1.36,56.99999999999999
Chypre,25.08,1000000.0,1179678,17889.45,0.54,5.11,0.37,0.66,67.0
Chine - RAS de Hong-Kong,53.51,663000000.0,7306322,44072.66,0.83,6.7,3.24,0.09,100.0
Danemark,28.98,139000000.0,5732274,55599.2,0.87,5.51,0.8,1.04,88.0
Équateur,19.31,0.0,16785361,6104.27,-0.07,4.12,0.0,1.0,63.0
Égypte,12.96,1000000.0,96442591,3331.12,-1.42,4.13,0.09,0.89,43.0
El Salvador,20.43,2000000.0,6388126,3954.84,-0.26,3.97,0.12,1.04,71.0
Estonie,21.26,11000000.0,1319390,19270.22,0.65,5.09,0.72,0.69,68.0
Éthiopie,0.13,0.0,106399924,677.85,-1.68,2.71,0.07,1.0,20.0
Finlande,18.76,12000000.0,5511371,44860.74,1.08,5.39,0.14,1.16,86.0
France,22.9,501000000.0,64842509,38520.76,0.28,6.1,0.32,1.11,80.0
Gambie,3.53,0.0,2213889,628.78,-0.08,3.64,2.0,0.25,56.99999999999999
Géorgie,15.27,5000000.0,4008716,4366.6,-0.37,4.19,0.84,0.36,56.99999999999999
Ghana,7.24,0.0,29121465,1840.3,0.09,3.25,0.72,0.28,55.00000000000001
Grèce,15.32,29000000.0,10569450,18354.04,-0.07,4.89,0.44,1.38,83.0
Guatemala,20.58,7000000.0,16914970,3972.74,-0.65,3.82,0.36,0.66,51.0
Tchad,0.45,0.0,15016753,878.61,-1.29,1.9,0.14,0.86,23.0
Guinée,4.08,0.0,12067519,867.91,-0.7,2.43,0.74,0.26,38.0
Haïti,8.91,0.0,10982366,1370.42,-0.67,1.79,0.91,0.09,54.0
Eswatini,6.46,0.0,1124805,3613.81,-0.27,3.22,0.29,0.86,28.999999999999996
Honduras,21.73,1000000.0,9429013,2383.37,-0.56,3.24,0.06,0.94,55.00000000000001
Hongrie,25.27,210000000.0,9729823,13651.65,0.81,4.36,0.22,1.85,71.0
Islande,29.95,0.0,334393,56479.83,1.35,5.56,0.2,1.0,94.0
Inde,2.22,4000000.0,1338676785,1825.41,-0.76,4.22,0.0,0.97,34.0
Indonésie,7.19,0.0,264650963,3553.52,-0.5,4.52,0.0,0.99,55.00000000000001
Iran (République islamique d'),27.52,45000000.0,80673883,5486.64,-0.93,4.35,0.0,0.98,75.0
Irlande,25.82,93000000.0,4753279,70027.26,1.0,5.11,0.77,0.86,63.0
Israël,67.39,3000000.0,8243848,39550.21,-0.89,5.4,0.0,0.99,93.0
Italie,18.88,183000000.0,60673701,31432.23,0.31,5.37,0.08,1.12,69.0
Jamaïque,51.1,1000000.0,2920848,5159.35,0.31,4.09,0.2,0.84,55.00000000000001
Japon,18.5,10000000.0,127502725,35835.81,1.11,6.34,0.44,0.92,92.0
Jordanie,28.07,10000000.0,9785843,3940.71,-0.5,4.34,0.23,0.76,90.0
Tchéquie,21.96,27000000.0,10641034,19354.69,1.0,4.61,0.47,0.65,74.0
Kazakhstan,18.27,6000000.0,18080019,10676.13,0.04,4.2,0.53,0.52,57.99999999999999
Kenya,0.67,0.0,50221142,1542.54,-1.13,3.46,0.0,1.0,26.0
Koweït,46.25,4000000.0,4056099,27049.22,-0.05,4.26,0.72,0.3,100.0
Kirghizistan,3.1,0.0,6189733,1212.55,-0.43,3.05,0.78,0.22,35.0
Lettonie,20.89,20000000.0,1951097,14380.3,0.46,4.4,1.05,0.8,68.0
République dominicaine,35.26,6000000.0,10513104,7447.94,0.16,3.3,0.11,0.9,82.0
Liban,10.74,4000000.0,6819373,8307.05,-1.63,2.79,0.18,0.88,79.0
Lesotho,7.93,0.0,2091534,1097.82,-0.19,2.49,0.88,0.12,30.0
Libéria,10.67,0.0,4702226,671.47,-0.36,2.41,0.96,0.3,51.0
Lituanie,28.19,68000000.0,2845414,15769.93,0.78,4.65,0.54,1.44,69.0
Luxembourg,18.33,1000000.0,591910,107113.48,1.33,5.68,1.0,0.0,89.0
Madagascar,2.87,0.0,25570512,456.85,-0.3,1.99,0.0,0.99,37.0
Malawi,5.17,0.0,17670196,542.7,-0.25,1.79,0.0,1.33,18.0
Malaisie,39.21,44000000.0,31104646,10293.75,0.12,5.46,0.04,1.06,77.0
Mali,2.83,0.0,18512430,768.78,-1.91,2.83,0.02,0.92,42.0
Malte,27.17,0.0,437933,28498.13,1.25,4.77,0.64,0.29,93.0
Mauritanie,5.14,0.0,4282570,1576.07,-0.63,2.1,1.09,0.23,55.00000000000001
Maurice,37.93,0.0,1264499,10042.92,0.97,4.8,0.04,0.98,41.0
Mexique,32.52,9000000.0,124777324,10193.77,-0.72,4.3,0.23,0.77,83.0
Mongolie,2.77,0.0,3113786,4012.98,0.79,3.11,1.11,0.0,68.0
Monténégro,15.98,0.0,627563,7049.02,-0.06,4.16,0.8,0.4,67.0
Maroc,20.96,1000000.0,35581255,3289.56,-0.37,4.42,0.0,1.02,62.0
Mozambique,3.59,0.0,28649018,618.4,-0.93,2.47,0.21,0.79,37.0
Namibie,11.53,12000000.0,2402633,4476.73,0.63,4.21,1.04,0.39,52.0
Népal,1.99,0.0,27632681,924.75,-0.69,2.61,0.0,1.0,21.0
Nouvelle-Zélande,34.79,23000000.0,4702034,40084.97,1.59,5.45,0.01,1.33,87.0
Nicaragua,21.59,0.0,6384846,2209.63,-0.05,3.58,0.04,1.04,56.99999999999999
Nigéria,1.01,0.0,190873244,2476.0,-2.0,2.04,0.0,1.0,50.0
Norvège,19.05,0.0,5296326,76249.8,1.17,5.04,0.02,0.99,82.0
Oman,21.63,16000000.0,4665928,18277.94,0.75,4.9,1.11,0.06,83.0
Pakistan,5.86,4000000.0,207906209,1475.8,-2.41,3.03,0.0,1.0,35.0
Panama,33.82,0.0,4106769,15108.88,0.39,4.9,0.1,1.03,67.0
Paraguay,5.99,4000000.0,6867061,6243.12,0.0,2.63,0.02,1.1,61.0
Pérou,13.47,1000000.0,31444298,6457.42,-0.26,3.77,0.04,0.96,80.0
Philippines,13.87,2000000.0,105172925,3247.45,-1.18,3.43,0.16,0.84,47.0
Pologne,30.3,1025000000.0,37953180,13595.35,0.52,4.7,0.05,2.03,60.0
Portugal,30.58,44000000.0,10288527,20303.99,1.12,5.59,0.25,1.11,65.0
République de Corée,16.7,6000000.0,51096415,31902.66,0.32,6.08,0.16,0.98,81.0
République de Moldova,16.14,0.0,4059684,2661.87,-0.32,3.74,0.24,0.82,42.0
Roumanie,19.37,69000000.0,19653969,10054.55,0.06,3.82,0.38,1.03,54.0
Fédération de Russie,30.98,115000000.0,145530082,9515.76,-0.64,4.93,0.05,0.98,74.0
Rwanda,1.49,0.0,11980961,771.07,0.09,3.39,0.0,1.0,17.0
Arabie saoudite,43.36,10000000.0,33101179,22360.67,-0.58,5.2,0.5,0.43,83.0
Sénégal,4.76,0.0,15419355,1312.12,-0.05,3.14,0.0,1.0,48.0
Serbie,10.16,7000000.0,8829628,5915.16,0.09,4.09,0.13,0.94,56.00000000000001
Sierra Leone,3.97,0.0,7488423,888.57,-0.04,2.58,0.47,0.57,42.0
Slovaquie,13.9,35000000.0,5447900,17206.46,0.91,4.29,0.85,0.96,54.0
Slovénie,24.41,29000000.0,2076394,22440.97,0.87,4.8,0.38,1.38,54.0
Afrique du Sud,35.69,63000000.0,57009756,6121.74,-0.28,4.31,0.24,0.79,66.0
Espagne,30.39,212000000.0,46647428,27252.27,0.28,5.88,0.14,1.01,80.0
Sri Lanka,7.78,2000000.0,21128032,4311.14,-0.07,3.8,0.0,1.0,18.0
Suède,16.6,23000000.0,9904896,51985.09,0.98,5.56,0.45,0.84,87.0
Suisse,15.72,4000000.0,8455804,84949.62,1.26,6.26,0.38,0.68,74.0
Tadjikistan,4.45,0.0,8880268,1042.32,-0.67,3.34,0.95,0.05,27.0
Thaïlande,12.95,796000000.0,69209810,6076.74,-0.75,4.7,0.0,1.9,49.0
Trinité-et-Tobago,54.54,0.0,1384059,16368.23,0.28,4.32,0.3,0.8,53.0
Tunisie,17.03,4000000.0,11433443,4262.96,-1.02,3.83,0.0,1.09,69.0
Ouganda,1.52,0.0,41166588,810.75,-0.57,2.49,0.0,0.98,24.0
Ukraine,22.62,273000000.0,44487709,2100.84,-1.87,3.95,0.12,1.2,69.0
Émirats arabes unis,43.47,94000000.0,9487203,42638.89,0.62,6.26,1.05,0.12,85.0
Royaume-Uni de Grande-Bretagne et d'Irlande du Nord,31.94,359000000.0,66727461,46167.98,0.33,5.96,0.35,0.81,82.0
République-Unie de Tanzanie,1.88,0.0,54660339,995.2,-0.56,2.77,0.02,0.97,35.0
États-Unis d'Amérique,55.68,3692000000.0,325084756,57451.61,0.34,6.01,0.01,1.2,82.0
Uruguay,9.12,3000000.0,3436641,17746.13,1.05,4.66,0.09,1.0,96.0
Venezuela (République bolivarienne du),20.28,0.0,29402484,7865.77,-1.25,2.63,0.04,0.96,96.0
Viet Nam,12.33,1000000.0,94600648,2868.14,0.29,3.9,0.24,0.76,36.0
Yémen,8.53,0.0,27834819,569.89,-2.94,1.83,0.32,0.68,37.0
Zambie,3.42,1000000.0,16853599,1284.93,0.15,2.44,0.2,0.82,44.0
Zimbabwe,4.68,0.0,14236595,1421.79,-0.71,2.66,0.08,0.91,37.0
